"Item name","Category","Price (KES)","Description","SKU","Image URL","Age restricted"
"BALOZI CAN","Beer","351.00","BALOZI CAN","SIP0150","https://res.cloudinary.com/drge557ut/image/upload/f_jpg,q_auto,w_1000,h_1000,c_pad/sip-150-balozi-can_lw3om6.jpg","Yes"
"FAXE CAN","Beer","455.00","FAXE CAN","SIP0153","https://res.cloudinary.com/drge557ut/image/upload/f_jpg,q_auto,w_1000,h_1000,c_pad/sip-153-faxe-can-web_kbpqqb.jpg","Yes"
"GORDONS CAN","Beer","390.00","GORDONS CAN","SIP0050","https://res.cloudinary.com/drge557ut/image/upload/f_jpg,q_auto,w_1000,h_1000,c_pad/sip-050-gordons-can-web_se9yjh.jpg","Yes"
"GUINESS CAN","Beer","390.00","GUINESS CAN","SIP0056","https://res.cloudinary.com/drge557ut/image/upload/f_jpg,q_auto,w_1000,h_1000,c_pad/sip-056-guiness-can-web_yaz9t6.jpg","Yes"
"GUINNESS 500ML","Beer","351.00","GUINNESS 500ML - 500 ML","SIP0137","https://res.cloudinary.com/drge557ut/image/upload/f_jpg,q_auto,w_1000,h_1000,c_pad/sip-137-guinness-500ml_d5vyew.jpg","Yes"
"HEINEKEN BOTTLE","Beer","390.00","HEINEKEN BOTTLE","SIP0133","https://res.cloudinary.com/drge557ut/image/upload/f_jpg,q_auto,w_1000,h_1000,c_pad/sip-133-heineken-bottle-candidate-4-web_quga4v.jpg","Yes"
"HEINEKEN CAN","Beer","455.00","HEINEKEN CAN","SIP0132","https://res.cloudinary.com/drge557ut/image/upload/f_jpg,q_auto,w_1000,h_1000,c_pad/sip-132-heineken-can_ie0sbt.jpg","Yes"
"HUNTERS DRY 330ML","Beer","390.00","HUNTERS DRY 330ML - 330 ML","SIP0181","https://res.cloudinary.com/drge557ut/image/upload/f_jpg,q_auto,w_1000,h_1000,c_pad/sip-181-hunters-dry-330ml_tctkfo.jpg","Yes"
"HUNTERS DRY 500ML","Beer","390.00","HUNTERS DRY 500ML - 500 ML","SIP0138","https://res.cloudinary.com/drge557ut/image/upload/f_jpg,q_auto,w_1000,h_1000,c_pad/sip-138-hunters-dry-500ml-web_vso2xz.jpg","Yes"
"KO 330ML","Beer","390.00","KO 330ML - 330 ML","SIP0080","https://res.cloudinary.com/drge557ut/image/upload/f_jpg,q_auto,w_1000,h_1000,c_pad/sip-080-ko-330ml-web_rvpvrz.jpg","Yes"
"MANYATTA BOTTLE","Beer","390.00","MANYATTA BOTTLE","SIP0172","https://res.cloudinary.com/drge557ut/image/upload/f_jpg,q_auto,w_1000,h_1000,c_pad/sip-172-manyatta-bottle_qif24y.jpg","Yes"
"MANYATTA CAN","Beer","390.00","MANYATTA CAN","SIP0084","https://res.cloudinary.com/drge557ut/image/upload/f_jpg,q_auto,w_1000,h_1000,c_pad/sip-084-manyatta-can_agapxl.jpg","Yes"
"OJ CAN","Beer","520.00","OJ CAN","SIP0086","https://res.cloudinary.com/drge557ut/image/upload/f_jpg,q_auto,w_1000,h_1000,c_pad/sip-086-oj-can-web_whcrzz.jpg","Yes"
"PILSNER CAN","Beer","390.00","PILSNER CAN","SIP0089","https://res.cloudinary.com/drge557ut/image/upload/f_jpg,q_auto,w_1000,h_1000,c_pad/sip-089-pilsner-can-web_yrj6zj.jpg","Yes"
"SAVANNA DRY 330ML","Beer","390.00","SAVANNA DRY 330ML - 330 ML","SIP0144","https://res.cloudinary.com/drge557ut/image/upload/f_jpg,q_auto,w_1000,h_1000,c_pad/sip-144-savanna-dry-330ml-web_sfalyt.jpg","Yes"
"SAVANNAH CAN","Beer","390.00","SAVANNAH CAN","SIP0099","https://res.cloudinary.com/drge557ut/image/upload/f_jpg,q_auto,w_1000,h_1000,c_pad/sip-099-savannah-can-web_m2sojc.jpg","Yes"
"SMIRNOFF ICE GUARANA","Beer","325.00","SMIRNOFF ICE GUARANA","SIP0101","https://res.cloudinary.com/drge557ut/image/upload/f_jpg,q_auto,w_1000,h_1000,c_pad/sip-101-smirnoff-ice-guarana_omki1r.jpg","Yes"
"SNAPP","Beer","325.00","SNAPP","SIP0131","https://res.cloudinary.com/drge557ut/image/upload/f_jpg,q_auto,w_1000,h_1000,c_pad/sip-131-snapp_hcro5u.jpg","Yes"
"TUSKER CIDER 300ML","Beer","351.00","TUSKER CIDER 300ML - 300 ML","SIP0134","https://res.cloudinary.com/drge557ut/image/upload/f_jpg,q_auto,w_1000,h_1000,c_pad/sip-134-tusker-cider-300ml_nmdip0.jpg","Yes"
"TUSKER CIDER CAN","Beer","390.00","TUSKER CIDER CAN","SIP0108","https://res.cloudinary.com/drge557ut/image/upload/f_jpg,q_auto,w_1000,h_1000,c_pad/sip-108-tusker-cider-can-web_ssamew.jpg","Yes"
"TUSKER LAGER 500ML","Beer","325.00","TUSKER LAGER 500ML - 500 ML","SIP0135","https://res.cloudinary.com/drge557ut/image/upload/f_jpg,q_auto,w_1000,h_1000,c_pad/sip-135-tusker-lager-500ml_ah6exm.jpg","Yes"
"TUSKER LAGER CAN","Beer","390.00","TUSKER LAGER CAN","SIP0109","https://res.cloudinary.com/drge557ut/image/upload/f_jpg,q_auto,w_1000,h_1000,c_pad/sip-109-tusker-lager-can_ndhuei.jpg","Yes"
"TUSKER LITE BOTTLE 330ML","Beer","325.00","TUSKER LITE BOTTLE 330ML - 330 ML","SIP0136","https://res.cloudinary.com/drge557ut/image/upload/f_jpg,q_auto,w_1000,h_1000,c_pad/sip-136-tusker-lite-bottle-330ml_yzumxz.jpg","Yes"
"TUSKER LITE CAN","Beer","390.00","TUSKER LITE CAN","SIP0110","https://res.cloudinary.com/drge557ut/image/upload/f_jpg,q_auto,w_1000,h_1000,c_pad/sip-110-tusker-lite-can_s6qpeh.jpg","Yes"
"TUSKER MALT CAN","Beer","390.00","TUSKER MALT CAN","SIP0111","https://res.cloudinary.com/drge557ut/image/upload/f_jpg,q_auto,w_1000,h_1000,c_pad/sip-111-tusker-malt-can-web_qmyvjv.jpg","Yes"
"WHITECAP CAN","Beer","390.00","WHITECAP CAN","SIP0119","https://res.cloudinary.com/drge557ut/image/upload/f_jpg,q_auto,w_1000,h_1000,c_pad/sip-119-whitecap-can-web_myumw9.jpg","Yes"
"AQUA WATER","Soft drinks & water","104.00","AQUA WATER","SIP0160","","Yes"
"COKE 1.25 L","Soft drinks & water","208.00","COKE 1.25 L - 1.25 L","SIP0130","https://res.cloudinary.com/drge557ut/image/upload/f_jpg,q_auto,w_1000,h_1000,c_pad/sip-130-coke-1-25-l-web_wpkcve.jpg","Yes"
"COKE 1L","Soft drinks & water","169.00","COKE 1L - 1 L","SIP0162","https://res.cloudinary.com/drge557ut/image/upload/f_jpg,q_auto,w_1000,h_1000,c_pad/sip-162-coke-1l_trlrwy.jpg","Yes"
"DASANI 1L","Soft drinks & water","130.00","DASANI 1L - 1 L","SIP0154","https://res.cloudinary.com/drge557ut/image/upload/f_jpg,q_auto,w_1000,h_1000,c_pad/sip-154-dasani-1l_n4sx1m.jpg","Yes"
"DELMONTE 1L","Soft drinks & water","455.00","DELMONTE 1L - 1 L","SIP0040","https://res.cloudinary.com/drge557ut/image/upload/f_jpg,q_auto,w_1000,h_1000,c_pad/sip-040-delmonte-1l_ggvykt.jpg","Yes"
"ESSENTIAL WATER","Soft drinks & water","130.00","ESSENTIAL WATER","SIP0169","https://res.cloudinary.com/drge557ut/image/upload/f_jpg,q_auto,w_1000,h_1000,c_pad/sip-169-essential-water-web_dkgric.jpg","Yes"
"LEMONADE","Soft drinks & water","78.00","LEMONADE","SIP0143","https://res.cloudinary.com/drge557ut/image/upload/f_jpg,q_auto,w_1000,h_1000,c_pad/sip-143-lemonade-web_lkvdr1.jpg","Yes"
"MONSTER","Soft drinks & water","390.00","MONSTER","SIP0085","https://res.cloudinary.com/drge557ut/image/upload/f_jpg,q_auto,w_1000,h_1000,c_pad/sip-085-monster_zvr0of.jpg","Yes"
"PREDATOR","Soft drinks & water","104.00","PREDATOR","SIP0142","https://res.cloudinary.com/drge557ut/image/upload/f_jpg,q_auto,w_1000,h_1000,c_pad/sip-142-predator-web_uiaevh.jpg","Yes"
"REDBULL CAN","Soft drinks & water","390.00","REDBULL CAN","SIP0093","https://res.cloudinary.com/drge557ut/image/upload/f_jpg,q_auto,w_1000,h_1000,c_pad/sip-093-redbull-can-web_vmfof0.jpg","Yes"
"SAFARI WATER","Soft drinks & water","104.00","SAFARI WATER","SIP0164","https://res.cloudinary.com/drge557ut/image/upload/f_jpg,q_auto,w_1000,h_1000,c_pad/sip-164-labeled-placeholder_pmtptg.jpg","Yes"
"SODA 2L","Soft drinks & water","260.00","SODA 2L - 2 L","SIP0151","https://res.cloudinary.com/drge557ut/image/upload/f_jpg,q_auto,w_1000,h_1000,c_pad/sip-151-soda-2l_l5mjax.jpg","Yes"
"SODA 500ML","Soft drinks & water","104.00","SODA 500ML - 500 ML","SIP0141","https://res.cloudinary.com/drge557ut/image/upload/f_jpg,q_auto,w_1000,h_1000,c_pad/sip-141-soda-500ml_gzuegp.jpg","Yes"
"SPRITE","Soft drinks & water","260.00","SPRITE","SIP0163","","Yes"
"WATER 1L","Soft drinks & water","104.00","WATER 1L - 1 L","SIP0129","https://res.cloudinary.com/drge557ut/image/upload/f_jpg,q_auto,w_1000,h_1000,c_pad/sip-129-water-1l_hmgzax.jpg","Yes"
"WATER 500ML","Soft drinks & water","78.00","WATER 500ML - 500 ML","SIP0145","https://res.cloudinary.com/drge557ut/image/upload/f_jpg,q_auto,w_1000,h_1000,c_pad/sip-145-water-500ml_ublof7.jpg","Yes"
"8 PM 1L","Spirits","1820.00","8 PM 1L - 1 L","SIP0171","https://res.cloudinary.com/drge557ut/image/upload/f_jpg,q_auto,w_1000,h_1000,c_pad/sip-171-8-pm-1l-web_yjcooc.jpg","Yes"
"ALL SEASONS 1L","Spirits","2210.00","ALL SEASONS 1L - 1 L","SIP0170","https://res.cloudinary.com/drge557ut/image/upload/f_jpg,q_auto,w_1000,h_1000,c_pad/sip-170-all-seasons-1l-web_qxbsob.jpg","Yes"
"ALL SEASONS WHISKY 250ML","Spirits","650.00","ALL SEASONS WHISKY 250ML - 250 ML","SIP0001","https://res.cloudinary.com/drge557ut/image/upload/f_jpg,q_auto,w_1000,h_1000,c_pad/sip-001-all-seasons-whisky-250ml_vkfzzf.jpg","Yes"
"ALL SEASONS WHISKY 375ML","Spirits","910.00","ALL SEASONS WHISKY 375ML - 375 ML","SIP0002","https://res.cloudinary.com/drge557ut/image/upload/f_jpg,q_auto,w_1000,h_1000,c_pad/sip-002-all-seasons-whisky-375ml-web_ghitij.jpg","Yes"
"ALL SEASONS WHISKY 750ML","Spirits","1950.00","ALL SEASONS WHISKY 750ML - 750 ML","SIP0003","https://res.cloudinary.com/drge557ut/image/upload/f_jpg,q_auto,w_1000,h_1000,c_pad/sip-003-all-seasons-whisky-750ml_j0mce8.jpg","Yes"
"AMARULA 350ML","Spirits","1950.00","AMARULA 350ML - 350 ML","SIP0123","https://res.cloudinary.com/drge557ut/image/upload/f_jpg,q_auto,w_1000,h_1000,c_pad/sip-123-amarula-350ml_d5p7cc.jpg","Yes"
"AMARULA 750ML","Spirits","3640.00","AMARULA 750ML - 750 ML","SIP0122","","Yes"
"BAILEYS 700ML","Spirits","3250.00","BAILEYS 700ML - 700 ML","SIP0161","https://res.cloudinary.com/drge557ut/image/upload/f_jpg,q_auto,w_1000,h_1000,c_pad/sip-161-baileys-700ml-candidate-4-web_rtwoes.jpg","Yes"
"BAILEYS CREAM 750ML","Spirits","3900.00","BAILEYS CREAM 750ML - 750 ML","SIP0007","https://res.cloudinary.com/drge557ut/image/upload/f_jpg,q_auto,w_1000,h_1000,c_pad/sip-007-baileys-cream-750ml-web_z4ocae.jpg","Yes"
"BALLENTINES","Spirits","3640.00","BALLENTINES","SIP0008","https://res.cloudinary.com/drge557ut/image/upload/f_jpg,q_auto,w_1000,h_1000,c_pad/sip-008-ballentines-web_gpbyov.jpg","Yes"
"BEST GIN 250ML","Spirits","520.00","BEST GIN 250ML - 250 ML","SIP0009","https://res.cloudinary.com/drge557ut/image/upload/f_jpg,q_auto,w_1000,h_1000,c_pad/sip-009-best-gin-250ml_ghpmlz.jpg","Yes"
"BEST GIN 750ML","Spirits","1300.00","BEST GIN 750ML - 750 ML","SIP0010","https://res.cloudinary.com/drge557ut/image/upload/f_jpg,q_auto,w_1000,h_1000,c_pad/sip-010-best-gin-750ml_bsn2gd.jpg","Yes"
"BEST VODKA 250ML","Spirits","520.00","BEST VODKA 250ML - 250 ML","SIP0011","https://res.cloudinary.com/drge557ut/image/upload/f_jpg,q_auto,w_1000,h_1000,c_pad/sip-011-best-vodka-250ml_zq4ixw.jpg","Yes"
"BEST VODKA 750ML","Spirits","1235.00","BEST VODKA 750ML - 750 ML","SIP0012","https://res.cloudinary.com/drge557ut/image/upload/f_jpg,q_auto,w_1000,h_1000,c_pad/sip-012-best-vodka-750ml-web_oow5xm.jpg","Yes"
"BEST WHISKY 250ML","Spirits","585.00","BEST WHISKY 250ML - 250 ML","SIP0013","https://res.cloudinary.com/drge557ut/image/upload/f_jpg,q_auto,w_1000,h_1000,c_pad/sip-013-best-whisky-250ml_mzss1i.jpg","Yes"
"BEST WHISKY 750ML","Spirits","1820.00","BEST WHISKY 750ML - 750 ML","SIP0014","https://res.cloudinary.com/drge557ut/image/upload/f_jpg,q_auto,w_1000,h_1000,c_pad/sip-014-best-whisky-750ml_szrc8p.jpg","Yes"
"BLACK LABEL WHISKY 1L","Spirits","6240.00","BLACK LABEL WHISKY 1L - 1 L","SIP0015","https://res.cloudinary.com/drge557ut/image/upload/f_jpg,q_auto,w_1000,h_1000,c_pad/sip-015-black-label-whisky-1l_zsr3fi.jpg","Yes"
"BLACK LABEL WHISKY 350ML","Spirits","2860.00","BLACK LABEL WHISKY 350ML - 350 ML","SIP0016","https://res.cloudinary.com/drge557ut/image/upload/f_jpg,q_auto,w_1000,h_1000,c_pad/sip-016-black-label-whisky-350ml_xzhrhp.jpg","Yes"
"BLACK LABEL WHISKY 750ML","Spirits","4550.00","BLACK LABEL WHISKY 750ML - 750 ML","SIP0017","https://res.cloudinary.com/drge557ut/image/upload/f_jpg,q_auto,w_1000,h_1000,c_pad/sip-017-black-label-whisky-750ml_bhgpyu.jpg","Yes"
"BLACK N WHITE WHISKY 375ML","Spirits","975.00","BLACK N WHITE WHISKY 375ML - 375 ML","SIP0018","https://res.cloudinary.com/drge557ut/image/upload/f_jpg,q_auto,w_1000,h_1000,c_pad/sip-018-black-n-white-whisky-375ml-web_gdfllk.jpg","Yes"
"BLACK N WHITE WHISKY 750ML","Spirits","1820.00","BLACK N WHITE WHISKY 750ML - 750 ML","SIP0019","https://res.cloudinary.com/drge557ut/image/upload/f_jpg,q_auto,w_1000,h_1000,c_pad/sip-019-black-n-white-whisky-750ml-web_rj30yv.jpg","Yes"
"BLUE ICE VODKA 250ML","Spirits","325.00","BLUE ICE VODKA 250ML - 250 ML","SIP0021","https://res.cloudinary.com/drge557ut/image/upload/f_jpg,q_auto,w_1000,h_1000,c_pad/sip-021-blue-ice-vodka-250ml_vsv7kc.jpg","Yes"
"BOND 7 WHISKY 250ML","Spirits","715.00","BOND 7 WHISKY 250ML - 250 ML","SIP0023","https://res.cloudinary.com/drge557ut/image/upload/f_jpg,q_auto,w_1000,h_1000,c_pad/sip-023-bond-7-whisky-250ml-web_ydeppx.jpg","Yes"
"BOND 7 WHISKY 350ML","Spirits","975.00","BOND 7 WHISKY 350ML - 350 ML","SIP0022","https://res.cloudinary.com/drge557ut/image/upload/f_jpg,q_auto,w_1000,h_1000,c_pad/sip-022-bond-7-whisky-350ml-web_wvwq3e.jpg","Yes"
"BOND 7 WHISKY 750ML","Spirits","1950.00","BOND 7 WHISKY 750ML - 750 ML","SIP0024","https://res.cloudinary.com/drge557ut/image/upload/f_jpg,q_auto,w_1000,h_1000,c_pad/sip-024-bond-7-whisky-750ml-web_hmk6kt.jpg","Yes"
"CAMINO 750ML","Spirits","4550.00","CAMINO 750ML - 750 ML","SIP0125","https://res.cloudinary.com/drge557ut/image/upload/f_jpg,q_auto,w_1000,h_1000,c_pad/sip-125-camino-750ml_fr7zha.jpg","Yes"
"CAPTAIN MELON SPLASH 250ML","Spirits","650.00","CAPTAIN MELON SPLASH 250ML - 250 ML","SIP0156","https://res.cloudinary.com/drge557ut/image/upload/f_jpg,q_auto,w_1000,h_1000,c_pad/sip-156-captain-melon-splash-250ml_p3j7oo.jpg","Yes"
"CAPTAIN MELON SPLASH 750ML","Spirits","1820.00","CAPTAIN MELON SPLASH 750ML - 750 ML","SIP0155","https://res.cloudinary.com/drge557ut/image/upload/f_jpg,q_auto,w_1000,h_1000,c_pad/sip-155-captain-melon-splash-750ml-candidate-1-web_akwqdu.jpg","Yes"
"CAPTAIN MORGAN 250ML","Spirits","585.00","CAPTAIN MORGAN 250ML - 250 ML","SIP0026","https://res.cloudinary.com/drge557ut/image/upload/f_jpg,q_auto,w_1000,h_1000,c_pad/sip-026-captain-morgan-250ml_dvllzu.jpg","Yes"
"CAPTAIN MORGAN 750ML","Spirits","1560.00","CAPTAIN MORGAN 750ML - 750 ML","SIP0027","https://res.cloudinary.com/drge557ut/image/upload/f_jpg,q_auto,w_1000,h_1000,c_pad/sip-027-captain-morgan-750ml_gugeed.jpg","Yes"
"CARIBIA GIN 250ML","Spirits","455.00","CARIBIA GIN 250ML - 250 ML","SIP0028","https://res.cloudinary.com/drge557ut/image/upload/f_jpg,q_auto,w_1000,h_1000,c_pad/sip-028-caribia-gin-250ml-web_qkimg1.jpg","Yes"
"CARIBIA GIN 750ML","Spirits","1170.00","CARIBIA GIN 750ML - 750 ML","SIP0029","https://res.cloudinary.com/drge557ut/image/upload/f_jpg,q_auto,w_1000,h_1000,c_pad/sip-029-caribia-gin-750ml_vlzvxi.jpg","Yes"
"CHROME GIN 250ML","Spirits","455.00","CHROME GIN 250ML - 250 ML","SIP0034","https://res.cloudinary.com/drge557ut/image/upload/f_jpg,q_auto,w_1000,h_1000,c_pad/sip-034-chrome-gin-250ml_auo9ma.jpg","Yes"
"CHROME GIN 750ML","Spirits","1040.00","CHROME GIN 750ML - 750 ML","SIP0035","https://res.cloudinary.com/drge557ut/image/upload/f_jpg,q_auto,w_1000,h_1000,c_pad/sip-035-chrome-gin-750ml_ysqc3n.jpg","Yes"
"CHROME VODKA 250ML","Spirits","455.00","CHROME VODKA 250ML - 250 ML","SIP0036","https://res.cloudinary.com/drge557ut/image/upload/f_jpg,q_auto,w_1000,h_1000,c_pad/sip-036-chrome-vodka-250ml_ctwub2.jpg","Yes"
"CHROME VODKA 750ML","Spirits","1040.00","CHROME VODKA 750ML - 750 ML","SIP0037","https://res.cloudinary.com/drge557ut/image/upload/f_jpg,q_auto,w_1000,h_1000,c_pad/sip-037-chrome-vodka-750ml_semlvf.jpg","Yes"
"COUNTY BRANDY 250ML","Spirits","390.00","COUNTY BRANDY 250ML - 250 ML","SIP0038","https://res.cloudinary.com/drge557ut/image/upload/f_jpg,q_auto,w_1000,h_1000,c_pad/sip-038-county-brandy-250ml-web_eocpsr.jpg","Yes"
"COUNTY BRANDY 750ML","Spirits","1170.00","COUNTY BRANDY 750ML - 750 ML","SIP0039","https://res.cloudinary.com/drge557ut/image/upload/f_jpg,q_auto,w_1000,h_1000,c_pad/sip-039-county-brandy-750ml-web_awjjau.jpg","Yes"
"DON JULIO 1942","Spirits","52000.00","DON JULIO 1942","SIP0179","https://res.cloudinary.com/drge557ut/image/upload/f_jpg,q_auto,w_1000,h_1000,c_pad/sip-179-don-julio-1942_ospepa.jpg","Yes"
"DOUBLE BLACK 1L","Spirits","8450.00","DOUBLE BLACK 1L - 1 L","SIP0124","https://res.cloudinary.com/drge557ut/image/upload/f_jpg,q_auto,w_1000,h_1000,c_pad/sip-124-double-black-1l_oaxkxf.jpg","Yes"
"DOUBLE BLACK 750ML","Spirits","6500.00","DOUBLE BLACK 750ML - 750 ML","SIP0149","https://res.cloudinary.com/drge557ut/image/upload/f_jpg,q_auto,w_1000,h_1000,c_pad/sip-149-double-black-750ml-web_kmnoaq.jpg","Yes"
"FAMOUS GROUSE WHISKY 1L","Spirits","3900.00","FAMOUS GROUSE WHISKY 1L - 1 L","SIP0041","https://res.cloudinary.com/drge557ut/image/upload/f_jpg,q_auto,w_1000,h_1000,c_pad/sip-041-famous-grouse-whisky-1l-web_mwrnc1.jpg","Yes"
"FAMOUS GROUSE WHISKY 750ML","Spirits","3250.00","FAMOUS GROUSE WHISKY 750ML - 750 ML","SIP0042","https://res.cloudinary.com/drge557ut/image/upload/f_jpg,q_auto,w_1000,h_1000,c_pad/sip-042-famous-grouse-whisky-750ml-web_yofgbo.jpg","Yes"
"GENERAL MEAKINS 250ML","Spirits","455.00","GENERAL MEAKINS 250ML - 250 ML","SIP0045","https://res.cloudinary.com/drge557ut/image/upload/f_jpg,q_auto,w_1000,h_1000,c_pad/sip-045-general-meakins-250ml-web_m7cvjm.jpg","Yes"
"GENERAL MEAKINS 750ML","Spirits","1170.00","GENERAL MEAKINS 750ML - 750 ML","SIP0046","https://res.cloudinary.com/drge557ut/image/upload/f_jpg,q_auto,w_1000,h_1000,c_pad/sip-046-general-meakins-750ml-web_mlnrzd.jpg","Yes"
"GILBEYS GIN 250ML","Spirits","715.00","GILBEYS GIN 250ML - 250 ML","SIP0047","https://res.cloudinary.com/drge557ut/image/upload/f_jpg,q_auto,w_1000,h_1000,c_pad/sip-047-gilbeys-gin-250ml_oglmxg.jpg","Yes"
"GILBEYS GIN 350ML","Spirits","975.00","GILBEYS GIN 350ML - 350 ML","SIP0048","https://res.cloudinary.com/drge557ut/image/upload/f_jpg,q_auto,w_1000,h_1000,c_pad/sip-048-gilbeys-gin-350ml_wh4a8r.jpg","Yes"
"GILBEYS GIN 750ML","Spirits","1950.00","GILBEYS GIN 750ML - 750 ML","SIP0049","https://res.cloudinary.com/drge557ut/image/upload/f_jpg,q_auto,w_1000,h_1000,c_pad/sip-049-gilbeys-gin-750ml_galmbu.jpg","Yes"
"GORDONS GIN 1L","Spirits","3900.00","GORDONS GIN 1L - 1 L","SIP0051","https://res.cloudinary.com/drge557ut/image/upload/f_jpg,q_auto,w_1000,h_1000,c_pad/sip-051-gordons-gin-1l_tijvxf.jpg","Yes"
"GORDONS GIN 750ML","Spirits","2990.00","GORDONS GIN 750ML - 750 ML","SIP0052","https://res.cloudinary.com/drge557ut/image/upload/f_jpg,q_auto,w_1000,h_1000,c_pad/sip-052-gordons-gin-750ml_nzg7fe.jpg","Yes"
"GRANTS WHISKY 1L","Spirits","3510.00","GRANTS WHISKY 1L - 1 L","SIP0053","https://res.cloudinary.com/drge557ut/image/upload/f_jpg,q_auto,w_1000,h_1000,c_pad/sip-053-grants-whisky-1l-web_mcvkz0.jpg","Yes"
"GRANTS WHISKY 350ML","Spirits","1300.00","GRANTS WHISKY 350ML - 350 ML","SIP0054","https://res.cloudinary.com/drge557ut/image/upload/f_jpg,q_auto,w_1000,h_1000,c_pad/sip-054-grants-whisky-350ml-web_inhsl3.jpg","Yes"
"GRANTS WHISKY 750ML","Spirits","2990.00","GRANTS WHISKY 750ML - 750 ML","SIP0055","https://res.cloudinary.com/drge557ut/image/upload/f_jpg,q_auto,w_1000,h_1000,c_pad/sip-055-grants-whisky-750ml-web_nchno4.jpg","Yes"
"HAMPTONS WHISKY 750ML","Spirits","2340.00","HAMPTONS WHISKY 750ML - 750 ML","SIP0057","https://res.cloudinary.com/drge557ut/image/upload/f_jpg,q_auto,w_1000,h_1000,c_pad/sip-057-hamptons-whisky-750ml-web_xu3emj.jpg","Yes"
"HENNESSY VS 1L","Spirits","11700.00","HENNESSY VS 1L - 1 L","SIP0058","https://res.cloudinary.com/drge557ut/image/upload/f_jpg,q_auto,w_1000,h_1000,c_pad/sip-058-hennessy-vs-1l_th2isz.jpg","Yes"
"HENNESSY VS 750ML","Spirits","8450.00","HENNESSY VS 750ML - 750 ML","SIP0059","https://res.cloudinary.com/drge557ut/image/upload/f_jpg,q_auto,w_1000,h_1000,c_pad/sip-059-hennessy-vs-750ml-web_cbhvqn.jpg","Yes"
"HENNESSY VSOP 1L","Spirits","20800.00","HENNESSY VSOP 1L - 1 L","SIP0152","https://res.cloudinary.com/drge557ut/image/upload/f_jpg,q_auto,w_1000,h_1000,c_pad/sip-152-hennessy-vsop-1l_osb3ux.jpg","Yes"
"HENNESSY XO","Spirits","62400.00","HENNESSY XO","SIP0177","https://res.cloudinary.com/drge557ut/image/upload/f_jpg,q_auto,w_1000,h_1000,c_pad/sip-177-hennessy-xo_lxo9n9.jpg","Yes"
"HUNTERS CHOICE WHISKY 250ML","Spirits","520.00","HUNTERS CHOICE WHISKY 250ML - 250 ML","SIP0060","https://res.cloudinary.com/drge557ut/image/upload/f_jpg,q_auto,w_1000,h_1000,c_pad/sip-060-hunters-choice-whisky-250ml-web_fjnky2.jpg","Yes"
"HUNTERS CHOICE WHISKY 350ML","Spirits","780.00","HUNTERS CHOICE WHISKY 350ML - 350 ML","SIP0061","https://res.cloudinary.com/drge557ut/image/upload/f_jpg,q_auto,w_1000,h_1000,c_pad/sip-061-hunters-choice-whisky-350ml-web_ye1vwa.jpg","Yes"
"HUNTERS CHOICE WHISKY 750ML","Spirits","1560.00","HUNTERS CHOICE WHISKY 750ML - 750 ML","SIP0062","https://res.cloudinary.com/drge557ut/image/upload/f_jpg,q_auto,w_1000,h_1000,c_pad/sip-062-hunters-choice-whisky-750ml-web_nccvps.jpg","Yes"
"JACK DANIELS 1LTR","Spirits","5850.00","JACK DANIELS 1LTR - 1 L","SIP0063","https://res.cloudinary.com/drge557ut/image/upload/f_jpg,q_auto,w_1000,h_1000,c_pad/sip-063-jack-daniels-1l_j19xup.jpg","Yes"
"JAGERMEISTER 1L CORKED","Spirits","5850.00","JAGERMEISTER 1L CORKED - 1 L","SIP0180","https://res.cloudinary.com/drge557ut/image/upload/f_jpg,q_auto,w_1000,h_1000,c_pad/sip-180-jagermeister-1l-corked-web_rshib7.jpg","Yes"
"JAGERMEISTER WHISKY 1L","Spirits","4550.00","JAGERMEISTER WHISKY 1L - 1 L","SIP0064","https://res.cloudinary.com/drge557ut/image/upload/f_jpg,q_auto,w_1000,h_1000,c_pad/sip-064-jagermeister-whisky-1l-web_ee7xfp.jpg","Yes"
"JAGERMEISTER WHISKY 750ML","Spirits","3900.00","JAGERMEISTER WHISKY 750ML - 750 ML","SIP0065","","Yes"
"JAMESON WHISKY 1L","Spirits","4940.00","JAMESON WHISKY 1L - 1 L","SIP0066","https://res.cloudinary.com/drge557ut/image/upload/f_jpg,q_auto,w_1000,h_1000,c_pad/sip-066-jameson-whisky-1l-web_f25nij.jpg","Yes"
"JAMESON WHISKY 350ML","Spirits","1950.00","JAMESON WHISKY 350ML - 350 ML","SIP0067","","Yes"
"JAMESON WHISKY 750ML","Spirits","3900.00","JAMESON WHISKY 750ML - 750 ML","SIP0068","https://res.cloudinary.com/drge557ut/image/upload/f_jpg,q_auto,w_1000,h_1000,c_pad/sip-068-jameson-whisky-750ml-web_umpjjv.jpg","Yes"
"JINRO GRAPEFRUIT SOJU 330ML","Spirits","585.00","JINRO GRAPEFRUIT SOJU 330ML - 330 ML","SIP0173","https://res.cloudinary.com/drge557ut/image/upload/f_jpg,q_auto,w_1000,h_1000,c_pad/sip-173-jinro-grapefruit-soju-330ml-web_tuo6du.jpg","Yes"
"JINRO LEMON SOJU 330L","Spirits","585.00","JINRO LEMON SOJU 330L - 330 L","SIP0174","https://res.cloudinary.com/drge557ut/image/upload/f_jpg,q_auto,w_1000,h_1000,c_pad/sip-174-jinro-lemon-soju-330l-web_hhixdj.jpg","Yes"
"JINRO LEMON SOJU 330ML","Spirits","585.00","JINRO LEMON SOJU 330ML - 330 ML","SIP0175","https://res.cloudinary.com/drge557ut/image/upload/f_jpg,q_auto,w_1000,h_1000,c_pad/sip-175-jinro-lemon-soju-330ml-web_i3xls7.jpg","Yes"
"JOHN BARR BLACK 1L","Spirits","2990.00","JOHN BARR BLACK 1L - 1 L","SIP0167","https://res.cloudinary.com/drge557ut/image/upload/f_jpg,q_auto,w_1000,h_1000,c_pad/sip-167-john-barr-black-1l_agtg0k.jpg","Yes"
"JOHN BARR BLACK 750ML","Spirits","2470.00","JOHN BARR BLACK 750ML - 750 ML","SIP0069","https://res.cloudinary.com/drge557ut/image/upload/f_jpg,q_auto,w_1000,h_1000,c_pad/sip-069-john-barr-black-750ml-web_m7oxjh.jpg","Yes"
"JOHN BARR RED 750ML","Spirits","2600.00","JOHN BARR RED 750ML - 750 ML","SIP0148","https://res.cloudinary.com/drge557ut/image/upload/f_jpg,q_auto,w_1000,h_1000,c_pad/sip-148-john-barr-red-750ml-web_fiqvn8.jpg","Yes"
"JOHN BARR RED WHISKY 1L","Spirits","2860.00","JOHN BARR RED WHISKY 1L - 1 L","SIP0070","https://res.cloudinary.com/drge557ut/image/upload/f_jpg,q_auto,w_1000,h_1000,c_pad/sip-070-john-barr-red-whisky-1l-web_bm9ynx.jpg","Yes"
"JOSE  CUEVO SILVER 750ML","Spirits","4160.00","JOSE  CUEVO SILVER 750ML - 750 ML","SIP0147","https://res.cloudinary.com/drge557ut/image/upload/f_jpg,q_auto,w_1000,h_1000,c_pad/sip-147-jose-cuevo-silver-750ml_hugugn.jpg","Yes"
"JOSE CUERVO 750ML","Spirits","4550.00","JOSE CUERVO 750ML - 750 ML","SIP0126","https://res.cloudinary.com/drge557ut/image/upload/f_jpg,q_auto,w_1000,h_1000,c_pad/sip-126-jose-cuervo-750ml_wqr8d3.jpg","Yes"
"JOSE CUEVO  GOLD 750ML","Spirits","3900.00","JOSE CUEVO  GOLD 750ML - 750 ML","SIP0146","https://res.cloudinary.com/drge557ut/image/upload/f_jpg,q_auto,w_1000,h_1000,c_pad/sip-146-jose-cuevo-gold-750ml_qdepic.jpg","Yes"
"KC GINGER 250ML","Spirits","455.00","KC GINGER 250ML - 250 ML","SIP0071","https://res.cloudinary.com/drge557ut/image/upload/f_jpg,q_auto,w_1000,h_1000,c_pad/sip-071-kc-ginger-250ml-web_nhhncj.jpg","Yes"
"KC GINGER 750ML","Spirits","1170.00","KC GINGER 750ML - 750 ML","SIP0072","https://res.cloudinary.com/drge557ut/image/upload/f_jpg,q_auto,w_1000,h_1000,c_pad/sip-072-kc-ginger-750ml_drler9.jpg","Yes"
"KC PINEAPPLE 250ML","Spirits","455.00","KC PINEAPPLE 250ML - 250 ML","SIP0073","https://res.cloudinary.com/drge557ut/image/upload/f_jpg,q_auto,w_1000,h_1000,c_pad/sip-073-kc-pineapple-250ml_ilkjdc.jpg","Yes"
"KC PINEAPPLE 750ML","Spirits","1170.00","KC PINEAPPLE 750ML - 750 ML","SIP0074","https://res.cloudinary.com/drge557ut/image/upload/f_jpg,q_auto,w_1000,h_1000,c_pad/sip-074-kc-pineapple-750ml_xn6c4j.jpg","Yes"
"KC SMOOTH 250ML","Spirits","455.00","KC SMOOTH 250ML - 250 ML","SIP0075","https://res.cloudinary.com/drge557ut/image/upload/f_jpg,q_auto,w_1000,h_1000,c_pad/sip-075-kc-smooth-250ml-web_tqhbzg.jpg","Yes"
"KC SMOOTH 350ML","Spirits","650.00","KC SMOOTH 350ML - 350 ML","SIP0168","https://res.cloudinary.com/drge557ut/image/upload/f_jpg,q_auto,w_1000,h_1000,c_pad/sip-168-kc-smooth-350ml-candidate-4-web_dimtqg.jpg","Yes"
"KC SMOOTH 750ML","Spirits","1170.00","KC SMOOTH 750ML - 750 ML","SIP0076","https://res.cloudinary.com/drge557ut/image/upload/f_jpg,q_auto,w_1000,h_1000,c_pad/sip-076-kc-smooth-750ml-web_wdnogf.jpg","Yes"
"KIBAO VODKA 250ML","Spirits","390.00","KIBAO VODKA 250ML - 250 ML","SIP0077","https://res.cloudinary.com/drge557ut/image/upload/f_jpg,q_auto,w_1000,h_1000,c_pad/sip-077-kibao-vodka-250ml_m4jotc.jpg","Yes"
"KIBAO VODKA 350ML","Spirits","520.00","KIBAO VODKA 350ML - 350 ML","SIP0078","https://res.cloudinary.com/drge557ut/image/upload/f_jpg,q_auto,w_1000,h_1000,c_pad/sip-078-kibao-vodka-350ml_ykpkkx.jpg","Yes"
"KIBAO VODKA 750ML","Spirits","1170.00","KIBAO VODKA 750ML - 750 ML","SIP0079","https://res.cloudinary.com/drge557ut/image/upload/f_jpg,q_auto,w_1000,h_1000,c_pad/sip-079-kibao-vodka-750ml_deizre.jpg","Yes"
"KONYAGI 250ML","Spirits","455.00","KONYAGI 250ML - 250 ML","SIP0081","https://res.cloudinary.com/drge557ut/image/upload/f_jpg,q_auto,w_1000,h_1000,c_pad/sip-081-konyagi-250ml_cjfgyr.jpg","Yes"
"KONYAGI 500ML","Spirits","910.00","KONYAGI 500ML - 500 ML","SIP0082","https://res.cloudinary.com/drge557ut/image/upload/f_jpg,q_auto,w_1000,h_1000,c_pad/sip-082-konyagi-500ml_khjomx.jpg","Yes"
"KONYAGI 750ML","Spirits","1170.00","KONYAGI 750ML - 750 ML","SIP0083","https://res.cloudinary.com/drge557ut/image/upload/f_jpg,q_auto,w_1000,h_1000,c_pad/sip-083-konyagi-750ml_neeaq7.jpg","Yes"
"MACMOHAN","Spirits","1950.00","MACMOHAN","SIP0139","https://res.cloudinary.com/drge557ut/image/upload/f_jpg,q_auto,w_1000,h_1000,c_pad/sip-139-macmohan_kqtv8i.jpg","Yes"
"MARTEL VS 1L","Spirits","11700.00","MARTEL VS 1L - 1 L","SIP0128","https://res.cloudinary.com/drge557ut/image/upload/f_jpg,q_auto,w_1000,h_1000,c_pad/sip-128-martel-vs-1l_meadsd.jpg","Yes"
"MARTEL VS 750ML","Spirits","8450.00","MARTEL VS 750ML - 750 ML","SIP0127","https://res.cloudinary.com/drge557ut/image/upload/f_jpg,q_auto,w_1000,h_1000,c_pad/sip-127-martel-vs-750ml-web_iwkjpk.jpg","Yes"
"MOET & CHANDON","Spirits","19500.00","MOET & CHANDON","SIP0176","https://res.cloudinary.com/drge557ut/image/upload/f_jpg,q_auto,w_1000,h_1000,c_pad/sip-176-moet-and-chandon-web_u6lyi6.jpg","Yes"
"ORIJIN SPIRIT 250ML","Spirits","455.00","ORIJIN SPIRIT 250ML - 250 ML","SIP0087","https://res.cloudinary.com/drge557ut/image/upload/f_jpg,q_auto,w_1000,h_1000,c_pad/sip-087-orijin-spirit-250ml-web_r4bwtd.jpg","Yes"
"ORIJIN SPIRIT 750ML","Spirits","1040.00","ORIJIN SPIRIT 750ML - 750 ML","SIP0088","https://res.cloudinary.com/drge557ut/image/upload/f_jpg,q_auto,w_1000,h_1000,c_pad/sip-088-orijin-spirit-750ml-web_dxyfem.jpg","Yes"
"RED LABEL WHISKY 1L","Spirits","3510.00","RED LABEL WHISKY 1L - 1 L","SIP0090","https://res.cloudinary.com/drge557ut/image/upload/f_jpg,q_auto,w_1000,h_1000,c_pad/sip-090-red-label-whisky-1l_oboavj.jpg","Yes"
"RED LABEL WHISKY 350L","Spirits","1560.00","RED LABEL WHISKY 350L - 350 L","SIP0091","https://res.cloudinary.com/drge557ut/image/upload/f_jpg,q_auto,w_1000,h_1000,c_pad/sip-091-red-label-whisky-350l-web_gkieza.jpg","Yes"
"RED LABEL WHISKY 750ML","Spirits","2600.00","RED LABEL WHISKY 750ML - 750 ML","SIP0092","https://res.cloudinary.com/drge557ut/image/upload/f_jpg,q_auto,w_1000,h_1000,c_pad/sip-092-red-label-whisky-750ml-web_nowxtm.jpg","Yes"
"REMY MARTIN VSOP 1L","Spirits","15600.00","REMY MARTIN VSOP 1L - 1 L","SIP0166","https://res.cloudinary.com/drge557ut/image/upload/f_jpg,q_auto,w_1000,h_1000,c_pad/sip-166-remy-martin-vsop-1l-web_jtn15v.jpg","Yes"
"REMY MARTIN VSOP 750ML","Spirits","13000.00","REMY MARTIN VSOP 750ML - 750 ML","SIP0165","","Yes"
"RESERVE 7 WHISKY 750ML","Spirits","1820.00","RESERVE 7 WHISKY 750ML - 750 ML","SIP0094","https://res.cloudinary.com/drge557ut/image/upload/f_jpg,q_auto,w_1000,h_1000,c_pad/sip-094-reserve-7-whisky-750ml-web_evpayf.jpg","Yes"
"RICHOT BRANDY 250ML","Spirits","715.00","RICHOT BRANDY 250ML - 250 ML","SIP0095","https://res.cloudinary.com/drge557ut/image/upload/f_jpg,q_auto,w_1000,h_1000,c_pad/sip-095-richot-brandy-250ml-web_j7bxho.jpg","Yes"
"RICHOT BRANDY 350ML","Spirits","1040.00","RICHOT BRANDY 350ML - 350 ML","SIP0096","https://res.cloudinary.com/drge557ut/image/upload/f_jpg,q_auto,w_1000,h_1000,c_pad/sip-096-richot-brandy-350ml-web_wrynmj.jpg","Yes"
"RICHOT BRANDY 750ML","Spirits","1950.00","RICHOT BRANDY 750ML - 750 ML","SIP0097","https://res.cloudinary.com/drge557ut/image/upload/f_jpg,q_auto,w_1000,h_1000,c_pad/sip-097-richot-brandy-750ml-web_clcdy2.jpg","Yes"
"SINGLETON 12YRS","Spirits","11700.00","SINGLETON 12YRS - 12 YRS","SIP0178","https://res.cloudinary.com/drge557ut/image/upload/f_jpg,q_auto,w_1000,h_1000,c_pad/sip-178-singleton-12yrs-web_vtthvq.jpg","Yes"
"SMIRNOFF BLACK ICE","Spirits","325.00","SMIRNOFF BLACK ICE","SIP0100","https://res.cloudinary.com/drge557ut/image/upload/f_jpg,q_auto,w_1000,h_1000,c_pad/sip-100-smirnoff-black-ice_v9urj6.jpg","Yes"
"SMIRNOFF PINEAPPLE PUNCH","Spirits","325.00","SMIRNOFF PINEAPPLE PUNCH","SIP0140","https://res.cloudinary.com/drge557ut/image/upload/f_jpg,q_auto,w_1000,h_1000,c_pad/sip-140-smirnoff-pineapple-punch-web_vgfczu.jpg","Yes"
"SMIRNOFF VODKA 250ML","Spirits","715.00","SMIRNOFF VODKA 250ML - 250 ML","SIP0102","https://res.cloudinary.com/drge557ut/image/upload/f_jpg,q_auto,w_1000,h_1000,c_pad/sip-102-smirnoff-vodka-250ml_kixuxw.jpg","Yes"
"SMIRNOFF VODKA 350ML","Spirits","1040.00","SMIRNOFF VODKA 350ML - 350 ML","SIP0103","https://res.cloudinary.com/drge557ut/image/upload/f_jpg,q_auto,w_1000,h_1000,c_pad/sip-103-smirnoff-vodka-350ml-web_hcltsb.jpg","Yes"
"SMIRNOFF VODKA 750ML","Spirits","1950.00","SMIRNOFF VODKA 750ML - 750 ML","SIP0104","https://res.cloudinary.com/drge557ut/image/upload/f_jpg,q_auto,w_1000,h_1000,c_pad/sip-104-smirnoff-vodka-750ml_t0qdax.jpg","Yes"
"TANQUERAY GIN 750ML","Spirits","3900.00","TANQUERAY GIN 750ML - 750 ML","SIP0105","https://res.cloudinary.com/drge557ut/image/upload/f_jpg,q_auto,w_1000,h_1000,c_pad/sip-105-tanqueray-gin-750ml_ihmwlb.jpg","Yes"
"TRIPPLE ACE 250ML","Spirits","390.00","TRIPPLE ACE 250ML - 250 ML","SIP0106","https://res.cloudinary.com/drge557ut/image/upload/f_jpg,q_auto,w_1000,h_1000,c_pad/sip-106-tripple-ace-250ml-web_kp88dy.jpg","Yes"
"TRIPPLE ACE 750ML","Spirits","1040.00","TRIPPLE ACE 750ML - 750 ML","SIP0107","https://res.cloudinary.com/drge557ut/image/upload/f_jpg,q_auto,w_1000,h_1000,c_pad/sip-107-tripple-ace-750ml-web_nqbwoj.jpg","Yes"
"VAT 69 SCOTCH WHISKY 350ML","Spirits","1235.00","VAT 69 SCOTCH WHISKY 350ML - 350 ML","SIP0114","https://res.cloudinary.com/drge557ut/image/upload/f_jpg,q_auto,w_1000,h_1000,c_pad/sip-114-vat-69-scotch-whisky-350ml-web_qxdpmq.jpg","Yes"
"VAT 69 SCOTCH WHISKY 750ML","Spirits","2340.00","VAT 69 SCOTCH WHISKY 750ML - 750 ML","SIP0115","https://res.cloudinary.com/drge557ut/image/upload/f_jpg,q_auto,w_1000,h_1000,c_pad/sip-115-vat-69-scotch-whisky-750ml-web_pcmvuf.jpg","Yes"
"VICEROY BRANDY 250ML","Spirits","715.00","VICEROY BRANDY 250ML - 250 ML","SIP0116","https://res.cloudinary.com/drge557ut/image/upload/f_jpg,q_auto,w_1000,h_1000,c_pad/sip-116-viceroy-brandy-250ml-web_pwsvgp.jpg","Yes"
"VICEROY BRANDY 350ML","Spirits","1040.00","VICEROY BRANDY 350ML - 350 ML","SIP0117","https://res.cloudinary.com/drge557ut/image/upload/f_jpg,q_auto,w_1000,h_1000,c_pad/sip-117-viceroy-brandy-350ml-web_f6pdq8.jpg","Yes"
"VICEROY BRANDY 750ML","Spirits","1950.00","VICEROY BRANDY 750ML - 750 ML","SIP0118","https://res.cloudinary.com/drge557ut/image/upload/f_jpg,q_auto,w_1000,h_1000,c_pad/sip-118-viceroy-brandy-750ml-web_ah86ze.jpg","Yes"
"WILLIAM LAWSONS WHISKY 350ML","Spirits","1430.00","WILLIAM LAWSONS WHISKY 350ML - 350 ML","SIP0120","https://res.cloudinary.com/drge557ut/image/upload/f_jpg,q_auto,w_1000,h_1000,c_pad/sip-120-william-lawsons-whisky-350ml-web_xvf97k.jpg","Yes"
"WILLIAM LAWSONS WHISKY 750ML","Spirits","2600.00","WILLIAM LAWSONS WHISKY 750ML - 750 ML","SIP0121","https://res.cloudinary.com/drge557ut/image/upload/f_jpg,q_auto,w_1000,h_1000,c_pad/sip-121-william-lawsons-whisky-750ml-web_p0ihzk.jpg","Yes"
"ASCONI PASTORAL 750ML","Wine","2600.00","ASCONI PASTORAL 750ML - 750 ML","SIP0004","https://res.cloudinary.com/drge557ut/image/upload/f_jpg,q_auto,w_1000,h_1000,c_pad/sip-004-asconi-pastoral-750ml-web_fzfdve.jpg","Yes"
"ASCONI RED 750ML","Wine","2600.00","ASCONI RED 750ML - 750 ML","SIP0005","https://res.cloudinary.com/drge557ut/image/upload/f_jpg,q_auto,w_1000,h_1000,c_pad/sip-005-asconi-red-750ml-web_kssi6a.jpg","Yes"
"ASCONI WHITE 750MI","Wine","2600.00","ASCONI WHITE 750MI - 750 ML","SIP0006","https://res.cloudinary.com/drge557ut/image/upload/f_jpg,q_auto,w_1000,h_1000,c_pad/sip-006-asconi-white-750ml-web_vqpket.jpg","Yes"
"BLACKBIRD WINE 750ML","Wine","1560.00","BLACKBIRD WINE 750ML - 750 ML","SIP0020","https://res.cloudinary.com/drge557ut/image/upload/f_jpg,q_auto,w_1000,h_1000,c_pad/sip-020-blackbird-wine-750ml-web_i8jmog.jpg","Yes"
"CAPRICE WINE 1L","Wine","1430.00","CAPRICE WINE 1L - 1 L","SIP0025","https://res.cloudinary.com/drge557ut/image/upload/f_jpg,q_auto,w_1000,h_1000,c_pad/sip-025-caprice-wine-1l-web_updpya.jpg","Yes"
"CASABUENA RED","Wine","1170.00","CASABUENA RED","SIP0030","https://res.cloudinary.com/drge557ut/image/upload/f_jpg,q_auto,w_1000,h_1000,c_pad/sip-030-casabuena-red-web_x6wqto.jpg","Yes"
"CASABUENA WHITE","Wine","1170.00","CASABUENA WHITE","SIP0031","https://res.cloudinary.com/drge557ut/image/upload/f_jpg,q_auto,w_1000,h_1000,c_pad/sip-031-casabuena-white_nudc0g.jpg","Yes"
"CELLAR CASK RED","Wine","1690.00","CELLAR CASK RED","SIP0033","https://res.cloudinary.com/drge557ut/image/upload/f_jpg,q_auto,w_1000,h_1000,c_pad/sip-033-cellar-cask-red-web_rjtvxr.jpg","Yes"
"CELLAR CASK WHITE","Wine","1690.00","CELLAR CASK WHITE","SIP0032","https://res.cloudinary.com/drge557ut/image/upload/f_jpg,q_auto,w_1000,h_1000,c_pad/sip-032-cellar-cask-white-web_cfrme7.jpg","Yes"
"FOUR COUSINS WINE 750ML","Wine","1560.00","FOUR COUSINS WINE 750ML - 750 ML","SIP0043","https://res.cloudinary.com/drge557ut/image/upload/f_jpg,q_auto,w_1000,h_1000,c_pad/sip-043-four-cousins-wine-750ml-web_tv3jex.jpg","Yes"
"FOURTH STREET WINE 750ML","Wine","1430.00","FOURTH STREET WINE 750ML - 750 ML","SIP0044","https://res.cloudinary.com/drge557ut/image/upload/f_jpg,q_auto,w_1000,h_1000,c_pad/sip-044-fourth-street-wine-750ml-web_compna.jpg","Yes"
"ROBERTSON WINE 750ML","Wine","2210.00","ROBERTSON WINE 750ML - 750 ML","SIP0098","https://res.cloudinary.com/drge557ut/image/upload/f_jpg,q_auto,w_1000,h_1000,c_pad/sip-098-robertson-wine-750ml-web_pjj83a.jpg","Yes"
"V&A WINE 250ML","Wine","520.00","V&A WINE 250ML - 250 ML","SIP0112","https://res.cloudinary.com/drge557ut/image/upload/f_jpg,q_auto,w_1000,h_1000,c_pad/sip-112-vanda-wine-250ml-web_epi1po.jpg","Yes"
"V&A WINE 750ML","Wine","1430.00","V&A WINE 750ML - 750 ML","SIP0113","","Yes"
